epoch,time,train/box_loss,train/cls_loss,train/dfl_loss,metrics/precision(B),metrics/recall(B),metrics/mAP50(B),metrics/mAP50-95(B),val/box_loss,val/cls_loss,val/dfl_loss,lr/pg0,lr/pg1,lr/pg2
1,11.1267,1.08297,4.31356,1.41788,0.00413,0.65306,0.11612,0.06154,1.42509,3.46973,1.73976,0.0001,0.0001,0.0901
2,16.298,0.71639,1.98436,1.12135,0.00089,0.12245,0.02206,0.00534,2.22784,4.37016,3.68484,0.000209996,0.000209996,0.07921
3,22.0152,0.65346,1.27841,1.0761,0,0,0,0,1.61719,4.83634,2.53919,0.000319974,0.000319974,0.06832
4,29.4989,0.61342,0.95698,1.01072,0,0,0,0,1.38319,5.14484,2.24331,0.000429923,0.000429923,0.0574299
5,36.204,0.64354,0.83764,1.04025,0.30303,0.20408,0.29264,0.20808,1.13764,4.95792,1.68123,0.000539828,0.000539828,0.0465398
6,44.7057,0.59576,0.76244,0.99869,0.93256,0.2824,0.56437,0.444,0.67522,2.73559,1.07683,0.000649676,0.000649676,0.0356497
7,51.7053,0.58,0.7448,0.97497,0.91026,0.41419,0.59177,0.45602,0.65087,2.69225,1.13018,0.000759455,0.000759455,0.0247595
8,61.1299,0.60484,0.76989,1.00108,0.75736,0.63708,0.70641,0.55144,0.69244,1.85168,1.15522,0.00086915,0.00086915,0.0138692
9,66.9604,0.58009,0.76649,0.98133,0.97637,0.84332,0.97033,0.74964,0.7534,1.56251,1.20348,0.00097875,0.00097875,0.00297875
10,77.3733,0.59284,0.70848,1.02831,0.97794,0.90487,0.98095,0.81488,0.58893,0.87375,1.10369,0.000998386,0.000998386,0.000998386
11,83.2851,0.55358,0.64971,0.97169,0.81497,0.89891,0.92914,0.78188,0.55384,1.01973,1.02825,0.000998007,0.000998007,0.000998007
12,92.3747,0.52616,0.66975,0.99205,0.66841,0.77551,0.73284,0.60089,0.66923,1.17379,1.08019,0.000997589,0.000997589,0.000997589
13,99.6277,0.54244,0.64824,0.95952,0.82371,0.67347,0.80671,0.62086,0.69933,1.17196,1.10624,0.000997131,0.000997131,0.000997131
14,107.641,0.51636,0.56899,0.94746,0.7865,0.91837,0.92528,0.79844,0.5712,0.77936,1.01235,0.000996634,0.000996634,0.000996634
15,115.224,0.52958,0.58586,0.94969,0.81272,0.71429,0.87201,0.7281,0.594,0.86954,1.04685,0.000996097,0.000996097,0.000996097
16,122.514,0.53498,0.61577,0.94815,0.93957,0.97959,0.98755,0.80412,0.60439,0.68254,1.06193,0.00099552,0.00099552,0.00099552
17,129.831,0.51612,0.59441,0.94536,0.95338,1,0.99343,0.84696,0.59499,0.6143,1.05206,0.000994904,0.000994904,0.000994904
18,137.75,0.52488,0.5905,0.95326,0.99756,1,0.995,0.86001,0.54195,0.55599,1.0353,0.000994248,0.000994248,0.000994248
19,146.14,0.53223,0.61197,0.96107,0.87159,1,0.98295,0.85548,0.50438,0.58593,0.97942,0.000993553,0.000993553,0.000993553
20,153.374,0.50378,0.60344,0.95961,0.99875,1,0.995,0.89476,0.47847,0.44369,0.95568,0.000992819,0.000992819,0.000992819
21,161.095,0.48254,0.54089,0.94937,0.99679,0.97959,0.989,0.89482,0.48316,0.47903,0.95215,0.000992045,0.000992045,0.000992045
22,170.623,0.53321,0.57479,1.00764,0.99758,0.97959,0.9946,0.86076,0.50712,0.55558,1.00279,0.000991232,0.000991232,0.000991232
23,178.955,0.46077,0.50201,0.90733,0.94324,0.91837,0.97166,0.87535,0.45077,0.72383,0.9434,0.00099038,0.00099038,0.00099038
24,185.162,0.49075,0.53252,0.9359,0.9387,0.93753,0.97945,0.88488,0.44125,0.60081,0.92709,0.000989489,0.000989489,0.000989489
25,193.696,0.4958,0.52692,0.94299,0.94169,0.98879,0.98848,0.87612,0.45479,0.50662,0.94176,0.000988559,0.000988559,0.000988559
26,201.022,0.52592,0.55128,0.9705,0.94089,1,0.98969,0.8833,0.48517,0.47762,0.94706,0.000987589,0.000987589,0.000987589
27,208.33,0.49543,0.50819,0.95558,1,0.99782,0.995,0.9117,0.43882,0.41067,0.92444,0.000986581,0.000986581,0.000986581
28,215.464,0.44989,0.47812,0.89566,1,0.9995,0.995,0.91775,0.45112,0.4499,0.93561,0.000985534,0.000985534,0.000985534
29,222.314,0.4735,0.55359,0.93492,1,0.99617,0.995,0.9155,0.42333,0.42283,0.8998,0.000984449,0.000984449,0.000984449
30,232.077,0.50832,0.55354,0.93983,0.99789,1,0.995,0.90996,0.45623,0.40524,0.90977,0.000983324,0.000983324,0.000983324
31,238.343,0.45538,0.5467,0.93858,0.99819,1,0.995,0.91001,0.47087,0.38618,0.92685,0.000982162,0.000982162,0.000982162
32,245.375,0.45915,0.48479,0.92492,0.99781,1,0.995,0.92435,0.44712,0.40998,0.91837,0.00098096,0.00098096,0.00098096
33,251.77,0.44757,0.46656,0.91329,0.99852,1,0.995,0.91429,0.41594,0.36981,0.91338,0.000979721,0.000979721,0.000979721
34,260.246,0.45174,0.47761,0.91289,0.99804,1,0.995,0.92303,0.43655,0.37641,0.89591,0.000978443,0.000978443,0.000978443
35,267.002,0.45593,0.46233,0.93596,0.99663,1,0.995,0.90191,0.43429,0.45301,0.90689,0.000977127,0.000977127,0.000977127
36,274.465,0.47193,0.51532,0.93269,0.99993,0.97959,0.99422,0.87128,0.48127,0.4528,0.95603,0.000975773,0.000975773,0.000975773
37,281.231,0.46261,0.48737,0.91161,0.98896,0.93878,0.98467,0.82515,0.54221,0.5765,1.00821,0.000974381,0.000974381,0.000974381
38,289.835,0.46926,0.47525,0.92937,1,0.99371,0.995,0.87704,0.46669,0.48107,0.98436,0.000972951,0.000972951,0.000972951
39,296.772,0.48484,0.47448,0.93445,0.9979,0.95918,0.99139,0.90754,0.43563,0.4346,0.91937,0.000971484,0.000971484,0.000971484
40,304.022,0.47249,0.47333,0.93995,0.93569,0.97959,0.98133,0.88424,0.44772,0.52156,0.92347,0.000969979,0.000969979,0.000969979
41,310.757,0.46568,0.47392,0.93024,0.99767,1,0.995,0.92243,0.42111,0.37583,0.91931,0.000968436,0.000968436,0.000968436
42,319.336,0.43343,0.46396,0.92324,0.99882,1,0.995,0.91562,0.39163,0.34915,0.88772,0.000966856,0.000966856,0.000966856
43,325.872,0.45734,0.48294,0.91363,0.99837,1,0.995,0.91702,0.381,0.3421,0.896,0.000965239,0.000965239,0.000965239
44,334.042,0.48354,0.4966,0.94639,0.99853,1,0.995,0.91223,0.41913,0.35968,0.92746,0.000963585,0.000963585,0.000963585
45,340.88,0.42121,0.44082,0.90083,0.99814,1,0.995,0.9147,0.42806,0.37954,0.94286,0.000961894,0.000961894,0.000961894
46,349.135,0.45095,0.46747,0.93156,0.94032,0.96476,0.99148,0.9104,0.45114,0.41095,0.93771,0.000960166,0.000960166,0.000960166
47,355.749,0.43086,0.43215,0.90321,0.97972,0.9861,0.9946,0.91052,0.41863,0.36855,0.92465,0.000958402,0.000958402,0.000958402
48,363.748,0.44254,0.42687,0.91821,0.99737,1,0.995,0.93431,0.39601,0.3682,0.89438,0.000956601,0.000956601,0.000956601
49,370.214,0.43028,0.44367,0.9297,0.99789,1,0.995,0.92071,0.38974,0.33596,0.88803,0.000954763,0.000954763,0.000954763
50,378.404,0.40704,0.43488,0.92459,0.99726,1,0.995,0.93403,0.36568,0.33664,0.88291,0.000952889,0.000952889,0.000952889
51,385.415,0.43807,0.45827,0.91323,0.99812,1,0.995,0.92121,0.38882,0.35356,0.88816,0.00095098,0.00095098,0.00095098
52,393.425,0.43316,0.40549,0.89816,0.99846,1,0.995,0.92009,0.37832,0.36614,0.88987,0.000949034,0.000949034,0.000949034
53,399.766,0.39965,0.40558,0.89775,1,0.97868,0.9946,0.91739,0.36631,0.34623,0.88511,0.000947052,0.000947052,0.000947052
54,407.445,0.42872,0.43927,0.91132,0.99876,1,0.995,0.94025,0.3622,0.33036,0.88119,0.000945035,0.000945035,0.000945035
55,414.256,0.43084,0.4148,0.91142,0.99903,1,0.995,0.94915,0.38107,0.34619,0.87799,0.000942983,0.000942983,0.000942983
56,421.371,0.45625,0.44316,0.91958,0.99812,1,0.995,0.92436,0.36703,0.33345,0.86453,0.000940895,0.000940895,0.000940895
57,429.049,0.40772,0.40482,0.90819,1,0.99301,0.995,0.93349,0.37427,0.33536,0.87851,0.000938772,0.000938772,0.000938772
58,436.023,0.41155,0.4106,0.91404,0.99823,1,0.995,0.94314,0.37323,0.31639,0.88179,0.000936614,0.000936614,0.000936614
59,443.889,0.44348,0.45183,0.92251,0.99801,1,0.995,0.93371,0.37103,0.32853,0.86827,0.000934421,0.000934421,0.000934421
60,450.943,0.42942,0.41603,0.90203,0.99862,1,0.995,0.92423,0.38122,0.31433,0.87623,0.000932194,0.000932194,0.000932194
61,458.54,0.40342,0.40196,0.91769,0.99863,1,0.995,0.93388,0.37423,0.30385,0.87815,0.000929932,0.000929932,0.000929932
62,465.269,0.3995,0.41297,0.89486,0.99833,1,0.995,0.94246,0.36896,0.30815,0.88054,0.000927636,0.000927636,0.000927636
63,473.551,0.40589,0.37545,0.88254,0.99775,1,0.995,0.93964,0.35307,0.32646,0.86739,0.000925306,0.000925306,0.000925306
64,480.263,0.40904,0.39942,0.89029,0.97814,1,0.9866,0.91585,0.37634,0.35667,0.87809,0.000922942,0.000922942,0.000922942
65,488.724,0.42803,0.40206,0.90187,0.99843,1,0.995,0.90826,0.3715,0.3288,0.86814,0.000920545,0.000920545,0.000920545
66,494.785,0.41814,0.41922,0.90363,0.99814,1,0.995,0.90499,0.36903,0.33211,0.87278,0.000918114,0.000918114,0.000918114
67,502.686,0.37064,0.37558,0.88331,0.99741,1,0.995,0.9269,0.35502,0.32207,0.87255,0.000915649,0.000915649,0.000915649
68,508.888,0.40968,0.374,0.90251,0.99728,1,0.995,0.9182,0.38441,0.33221,0.89014,0.000913152,0.000913152,0.000913152
69,517.28,0.39867,0.37772,0.90583,0.99727,1,0.995,0.92745,0.36295,0.31286,0.88304,0.000910622,0.000910622,0.000910622
70,524.313,0.41408,0.38798,0.91631,0.99848,1,0.995,0.93037,0.36277,0.32049,0.9035,0.000908059,0.000908059,0.000908059
71,532.262,0.40476,0.38389,0.88509,0.99866,1,0.995,0.94335,0.37589,0.31925,0.89044,0.000905463,0.000905463,0.000905463
72,538.343,0.41325,0.38451,0.89054,0.9988,1,0.995,0.94411,0.37274,0.29082,0.87902,0.000902836,0.000902836,0.000902836
73,546.753,0.41418,0.38728,0.89476,0.99867,1,0.995,0.93504,0.37465,0.32026,0.88031,0.000900176,0.000900176,0.000900176
74,552.983,0.38261,0.36237,0.87683,0.99883,1,0.995,0.94834,0.34717,0.29627,0.8524,0.000897484,0.000897484,0.000897484
75,561.296,0.39034,0.37108,0.91135,0.99886,1,0.995,0.96225,0.33165,0.28534,0.852,0.000894761,0.000894761,0.000894761
76,567.734,0.40626,0.3923,0.88861,0.99872,1,0.995,0.9378,0.3375,0.27793,0.86362,0.000892007,0.000892007,0.000892007
77,576.969,0.39159,0.37596,0.90391,0.99828,1,0.995,0.9387,0.35621,0.28651,0.86785,0.000889221,0.000889221,0.000889221
78,583.482,0.35964,0.33421,0.89322,0.99907,1,0.995,0.95237,0.33862,0.28474,0.85038,0.000886404,0.000886404,0.000886404
79,591.733,0.39675,0.41106,0.8977,0.97471,1,0.9946,0.92197,0.35945,0.2961,0.86072,0.000883557,0.000883557,0.000883557
80,598.245,0.41129,0.40182,0.89742,0.99792,1,0.995,0.92949,0.33762,0.30785,0.85701,0.000880679,0.000880679,0.000880679
81,606.461,0.39983,0.37917,0.88961,0.9962,1,0.995,0.9447,0.34256,0.29428,0.8644,0.00087777,0.00087777,0.00087777
82,613.505,0.41148,0.39688,0.9157,0.995,1,0.995,0.9455,0.38812,0.30246,0.87715,0.000874832,0.000874832,0.000874832
83,621.436,0.41064,0.4187,0.89181,0.99787,1,0.995,0.92406,0.38373,0.32594,0.86398,0.000871864,0.000871864,0.000871864
84,628.074,0.36542,0.39637,0.88587,0.99801,1,0.995,0.92744,0.35341,0.31465,0.85527,0.000868866,0.000868866,0.000868866
85,635.448,0.43553,0.44338,0.91489,1,0.99719,0.995,0.92846,0.35794,0.33406,0.85762,0.000865839,0.000865839,0.000865839
86,642.202,0.37722,0.3623,0.88707,0.99843,1,0.995,0.93675,0.3578,0.29722,0.85303,0.000862783,0.000862783,0.000862783
87,649.125,0.36362,0.3663,0.89366,0.99775,1,0.995,0.93577,0.34786,0.31139,0.85651,0.000859699,0.000859699,0.000859699
88,656.269,0.36255,0.35185,0.87042,0.99672,1,0.995,0.94634,0.35202,0.32601,0.85567,0.000856585,0.000856585,0.000856585
89,663.231,0.37761,0.37606,0.89016,0.99751,1,0.995,0.93903,0.35117,0.31245,0.85144,0.000853443,0.000853443,0.000853443
90,671.827,0.36031,0.33916,0.86918,0.99787,1,0.995,0.94215,0.36212,0.29301,0.8557,0.000850274,0.000850274,0.000850274
91,677.7,0.38215,0.36939,0.88617,0.99823,1,0.995,0.94483,0.36064,0.28471,0.85297,0.000847076,0.000847076,0.000847076
92,685.936,0.38701,0.36979,0.89729,0.99837,1,0.995,0.93238,0.34461,0.28218,0.85263,0.000843851,0.000843851,0.000843851
93,692.159,0.3818,0.3767,0.8686,0.99869,1,0.995,0.94516,0.33934,0.28891,0.84764,0.000840598,0.000840598,0.000840598
94,700.356,0.35331,0.35972,0.86637,0.99832,1,0.995,0.93874,0.33776,0.28139,0.84858,0.000837319,0.000837319,0.000837319
95,706.607,0.37404,0.35176,0.89497,0.99847,1,0.995,0.93076,0.34077,0.28515,0.85001,0.000834012,0.000834012,0.000834012
96,715.925,0.36697,0.35433,0.87274,0.99881,1,0.995,0.95106,0.33843,0.26781,0.85079,0.00083068,0.00083068,0.00083068
97,721.98,0.35211,0.33759,0.87186,0.99859,1,0.995,0.93723,0.33904,0.27488,0.85546,0.000827321,0.000827321,0.000827321
98,730.081,0.37621,0.36647,0.89209,0.9982,1,0.995,0.96189,0.35613,0.27414,0.8642,0.000823936,0.000823936,0.000823936
99,737.737,0.36267,0.34029,0.88435,0.9985,1,0.995,0.96575,0.32345,0.26151,0.85319,0.000820525,0.000820525,0.000820525
100,745.857,0.35846,0.33719,0.87582,0.99575,1,0.995,0.95074,0.31342,0.26862,0.8423,0.000817089,0.000817089,0.000817089
101,752.487,0.36022,0.37782,0.87796,0.99735,1,0.995,0.94963,0.33407,0.28784,0.85638,0.000813627,0.000813627,0.000813627
102,760.36,0.39639,0.394,0.87369,0.99711,1,0.995,0.93063,0.3591,0.32506,0.86747,0.000810141,0.000810141,0.000810141
103,767.056,0.35507,0.33625,0.87395,0.99873,1,0.995,0.94125,0.33109,0.29577,0.85831,0.000806631,0.000806631,0.000806631
104,775.055,0.35749,0.35579,0.87245,0.9985,1,0.995,0.92873,0.35411,0.28545,0.86851,0.000803096,0.000803096,0.000803096
105,782.116,0.37646,0.35052,0.88386,0.99861,1,0.995,0.94329,0.33373,0.28023,0.85748,0.000799536,0.000799536,0.000799536
106,790.36,0.35908,0.33411,0.88307,0.99861,1,0.995,0.9479,0.33137,0.28731,0.85039,0.000795954,0.000795954,0.000795954
107,797.602,0.36295,0.34239,0.86964,0.99864,1,0.995,0.93098,0.3364,0.29774,0.85769,0.000792347,0.000792347,0.000792347
108,805.108,0.37107,0.3413,0.88869,0.99876,1,0.995,0.93642,0.32479,0.27911,0.84881,0.000788718,0.000788718,0.000788718
109,812.391,0.39843,0.3654,0.88401,0.99885,1,0.995,0.94134,0.31745,0.25017,0.84101,0.000785066,0.000785066,0.000785066
110,820.18,0.36193,0.3445,0.88227,0.99872,1,0.995,0.9563,0.31933,0.26233,0.85002,0.000781391,0.000781391,0.000781391
111,827.953,0.39097,0.35676,0.89418,0.9986,1,0.995,0.93437,0.34717,0.2648,0.86191,0.000777694,0.000777694,0.000777694
112,835.307,0.37799,0.37515,0.87436,0.99873,1,0.995,0.9462,0.32737,0.2559,0.85184,0.000773975,0.000773975,0.000773975
113,842.79,0.36599,0.34871,0.86081,0.99872,1,0.995,0.94412,0.32793,0.27879,0.84944,0.000770234,0.000770234,0.000770234
114,849.722,0.35141,0.31095,0.85927,0.99862,1,0.995,0.9612,0.31243,0.27214,0.84817,0.000766472,0.000766472,0.000766472
115,857.396,0.36452,0.35752,0.8616,0.99871,1,0.995,0.93485,0.33965,0.26548,0.86246,0.000762689,0.000762689,0.000762689
116,863.634,0.35614,0.32599,0.88031,0.99871,1,0.995,0.94698,0.34202,0.25762,0.86312,0.000758885,0.000758885,0.000758885
117,871.866,0.35865,0.34204,0.87903,0.99872,1,0.995,0.95282,0.32728,0.25421,0.85864,0.000755061,0.000755061,0.000755061
118,879.507,0.37049,0.34737,0.89534,0.99873,1,0.995,0.94568,0.32778,0.26122,0.85864,0.000751216,0.000751216,0.000751216
119,887.292,0.35568,0.33832,0.86573,0.99868,1,0.995,0.94563,0.33525,0.27191,0.85873,0.000747352,0.000747352,0.000747352
120,894.2,0.36656,0.33408,0.88813,0.99876,1,0.995,0.9444,0.32863,0.25761,0.85464,0.000743468,0.000743468,0.000743468
121,903.054,0.35876,0.32713,0.88562,0.99883,1,0.995,0.94138,0.32751,0.25692,0.86246,0.000739565,0.000739565,0.000739565
122,909.801,0.34156,0.33157,0.86186,0.99882,1,0.995,0.95259,0.30973,0.25222,0.85894,0.000735643,0.000735643,0.000735643
123,917.866,0.35257,0.33418,0.87896,0.99888,1,0.995,0.96138,0.28998,0.23549,0.845,0.000731702,0.000731702,0.000731702
124,924.53,0.32897,0.32392,0.87671,0.99864,1,0.995,0.97128,0.30589,0.24865,0.84446,0.000727744,0.000727744,0.000727744
125,933.381,0.36506,0.36188,0.90186,0.99861,1,0.995,0.95375,0.30739,0.25418,0.85379,0.000723767,0.000723767,0.000723767
126,940.085,0.32575,0.30624,0.86183,0.99807,1,0.995,0.96014,0.30603,0.25448,0.84811,0.000719772,0.000719772,0.000719772
127,948.412,0.34039,0.30296,0.87032,0.99678,1,0.995,0.96448,0.2988,0.24932,0.84223,0.000715761,0.000715761,0.000715761
128,955.02,0.32691,0.30005,0.85651,0.99876,1,0.995,0.96634,0.30766,0.2534,0.84497,0.000711732,0.000711732,0.000711732
129,964.077,0.34934,0.32937,0.88834,0.99863,1,0.995,0.96498,0.30596,0.25854,0.84164,0.000707687,0.000707687,0.000707687
130,969.959,0.36483,0.32988,0.88183,0.99871,1,0.995,0.97176,0.29215,0.2463,0.83734,0.000703625,0.000703625,0.000703625
131,979.232,0.33118,0.31697,0.86909,0.99884,1,0.995,0.9621,0.2961,0.23914,0.83392,0.000699547,0.000699547,0.000699547
132,986.376,0.34768,0.30968,0.86334,0.99867,1,0.995,0.96864,0.29701,0.23727,0.83288,0.000695454,0.000695454,0.000695454
133,994.958,0.33869,0.312,0.84855,0.99854,1,0.995,0.96939,0.30223,0.23212,0.83434,0.000691345,0.000691345,0.000691345
134,1001.06,0.33137,0.31084,0.86556,0.99866,1,0.995,0.97733,0.28512,0.22812,0.82993,0.000687222,0.000687222,0.000687222
135,1010.05,0.35081,0.30411,0.88815,0.99794,1,0.995,0.97155,0.28076,0.2313,0.82478,0.000683083,0.000683083,0.000683083
136,1016.77,0.32359,0.29694,0.86509,0.99841,1,0.995,0.95714,0.31361,0.25061,0.84546,0.000678931,0.000678931,0.000678931
137,1024.55,0.34296,0.31281,0.88064,0.99883,1,0.995,0.95334,0.32382,0.25696,0.85237,0.000674764,0.000674764,0.000674764
138,1031.53,0.31958,0.28992,0.84414,0.9988,1,0.995,0.95833,0.31339,0.24779,0.84937,0.000670583,0.000670583,0.000670583
139,1039.95,0.33482,0.30493,0.85628,0.99875,1,0.995,0.96515,0.30644,0.23124,0.84636,0.00066639,0.00066639,0.00066639
140,1046.09,0.31543,0.31286,0.8519,0.99876,1,0.995,0.97152,0.28598,0.23147,0.83601,0.000662183,0.000662183,0.000662183
141,1054.39,0.31165,0.29258,0.87517,0.99883,1,0.995,0.97065,0.27869,0.22823,0.83907,0.000657963,0.000657963,0.000657963
142,1061.69,0.34115,0.32206,0.88735,0.99879,1,0.995,0.96545,0.29372,0.231,0.8459,0.000653732,0.000653732,0.000653732
143,1069.7,0.34144,0.31223,0.86631,0.99868,1,0.995,0.96461,0.2897,0.22091,0.84005,0.000649488,0.000649488,0.000649488
144,1076.8,0.325,0.29812,0.87491,0.99875,1,0.995,0.96283,0.29838,0.2331,0.84137,0.000645233,0.000645233,0.000645233
145,1084.61,0.34017,0.30462,0.87113,0.99874,1,0.995,0.9598,0.29442,0.24089,0.84118,0.000640966,0.000640966,0.000640966
146,1091.09,0.31047,0.2917,0.85554,0.99865,1,0.995,0.96708,0.28076,0.23453,0.8356,0.000636688,0.000636688,0.000636688
147,1099.26,0.32353,0.3037,0.87503,0.99874,1,0.995,0.97392,0.27392,0.22854,0.83177,0.0006324,0.0006324,0.0006324
148,1106.36,0.30752,0.28574,0.84666,0.99821,1,0.995,0.97252,0.2853,0.23057,0.83731,0.000628101,0.000628101,0.000628101
149,1113.04,0.31027,0.27447,0.85937,0.99863,1,0.995,0.95968,0.28206,0.22448,0.8398,0.000623793,0.000623793,0.000623793
150,1120.67,0.29504,0.2809,0.84193,0.99872,1,0.995,0.96756,0.26936,0.21808,0.83435,0.000619475,0.000619475,0.000619475
151,1127.54,0.31602,0.27934,0.8654,0.99853,1,0.995,0.96936,0.26906,0.23884,0.8311,0.000615148,0.000615148,0.000615148
152,1136.23,0.31312,0.28017,0.85895,0.99696,1,0.995,0.96527,0.2984,0.25601,0.83928,0.000610812,0.000610812,0.000610812
153,1142.39,0.34841,0.29817,0.86608,0.99798,1,0.995,0.9667,0.29281,0.24283,0.83162,0.000606467,0.000606467,0.000606467
154,1150.31,0.31291,0.3,0.86158,0.99675,1,0.995,0.96438,0.27717,0.2285,0.82389,0.000602114,0.000602114,0.000602114
155,1157.52,0.33009,0.29345,0.8546,0.99325,1,0.995,0.94945,0.29601,0.23488,0.83181,0.000597754,0.000597754,0.000597754
156,1165.44,0.34723,0.29808,0.87672,0.99335,1,0.995,0.94725,0.30485,0.24318,0.8382,0.000593386,0.000593386,0.000593386
157,1172.12,0.32276,0.28559,0.87521,0.99402,1,0.995,0.9532,0.29759,0.22717,0.83324,0.00058901,0.00058901,0.00058901
158,1180.46,0.33688,0.29655,0.87252,0.99537,1,0.995,0.96299,0.29204,0.24022,0.83395,0.000584628,0.000584628,0.000584628
159,1186.88,0.31534,0.2854,0.86568,0.99576,1,0.995,0.96844,0.28788,0.23764,0.83246,0.00058024,0.00058024,0.00058024
160,1195.83,0.31835,0.28978,0.85359,0.99738,1,0.995,0.97084,0.2851,0.22954,0.82942,0.000575846,0.000575846,0.000575846
161,1201.99,0.33871,0.30624,0.85088,0.99803,1,0.995,0.96815,0.29403,0.227,0.83259,0.000571445,0.000571445,0.000571445
162,1210.1,0.31903,0.27438,0.84754,0.9988,1,0.995,0.97337,0.28,0.21582,0.83156,0.00056704,0.00056704,0.00056704
163,1216.34,0.30422,0.27975,0.87794,0.99877,1,0.995,0.97596,0.27332,0.21358,0.82237,0.000562629,0.000562629,0.000562629
164,1225.33,0.32188,0.27632,0.86799,0.99874,1,0.995,0.96694,0.26437,0.21374,0.82021,0.000558214,0.000558214,0.000558214
165,1231.66,0.32675,0.28481,0.866,0.99877,1,0.995,0.96138,0.27143,0.21774,0.82613,0.000553795,0.000553795,0.000553795
166,1240.35,0.29964,0.27846,0.83846,0.99882,1,0.995,0.96087,0.27531,0.21954,0.83424,0.000549371,0.000549371,0.000549371
167,1247.19,0.32149,0.28825,0.85764,0.99883,1,0.995,0.96876,0.28317,0.22961,0.83339,0.000544945,0.000544945,0.000544945
168,1254.89,0.33318,0.29375,0.86908,0.99884,1,0.995,0.97121,0.27706,0.21909,0.82909,0.000540514,0.000540514,0.000540514
169,1261.9,0.2844,0.26004,0.87662,0.99885,1,0.995,0.97461,0.27392,0.21744,0.82651,0.000536081,0.000536081,0.000536081
170,1269.99,0.32542,0.28323,0.87549,0.99883,1,0.995,0.96933,0.27757,0.21414,0.8226,0.000531646,0.000531646,0.000531646
171,1276.99,0.32229,0.28676,0.85624,0.99883,1,0.995,0.97613,0.28127,0.20845,0.82585,0.000527208,0.000527208,0.000527208
172,1285.08,0.32311,0.29702,0.84826,0.99873,1,0.995,0.96963,0.28419,0.20841,0.82969,0.000522769,0.000522769,0.000522769
173,1292.34,0.3197,0.28852,0.84418,0.99864,1,0.995,0.96917,0.29412,0.21383,0.83291,0.000518328,0.000518328,0.000518328
174,1299.71,0.3125,0.28199,0.87171,0.99872,1,0.995,0.96231,0.28534,0.21635,0.83377,0.000513886,0.000513886,0.000513886
175,1307.8,0.32275,0.28219,0.85821,0.99849,1,0.995,0.96841,0.27784,0.20947,0.83362,0.000509443,0.000509443,0.000509443
176,1315.21,0.30251,0.26076,0.85299,0.99785,1,0.995,0.97587,0.27252,0.21684,0.83364,0.000505,0.000505,0.000505
177,1322.51,0.31583,0.2973,0.85507,0.99666,1,0.995,0.97727,0.27161,0.22509,0.83006,0.000500557,0.000500557,0.000500557
178,1328.81,0.28659,0.27863,0.85931,0.99796,1,0.995,0.97431,0.27393,0.21649,0.82827,0.000496114,0.000496114,0.000496114
179,1337.25,0.32241,0.28609,0.86303,0.99857,1,0.995,0.96651,0.27297,0.21512,0.82767,0.000491672,0.000491672,0.000491672
180,1344.52,0.30697,0.27045,0.86603,0.99869,1,0.995,0.97373,0.27336,0.20087,0.82537,0.000487231,0.000487231,0.000487231
181,1352.35,0.2877,0.26164,0.85631,0.99878,1,0.995,0.96853,0.26473,0.20362,0.82351,0.000482792,0.000482792,0.000482792
182,1358.69,0.27748,0.25144,0.84392,0.9988,1,0.995,0.97599,0.26416,0.19173,0.82761,0.000478354,0.000478354,0.000478354
183,1367.75,0.2998,0.28777,0.84925,0.9988,1,0.995,0.97502,0.27589,0.205,0.83171,0.000473919,0.000473919,0.000473919
184,1374.13,0.2991,0.26775,0.87322,0.99885,1,0.995,0.97599,0.2846,0.21788,0.83316,0.000469486,0.000469486,0.000469486
185,1383.06,0.29814,0.26008,0.83669,0.99884,1,0.995,0.97871,0.27748,0.21364,0.83184,0.000465055,0.000465055,0.000465055
186,1389.57,0.28657,0.2664,0.84732,0.99887,1,0.995,0.97809,0.26551,0.21021,0.82926,0.000460629,0.000460629,0.000460629
187,1398.42,0.31417,0.26721,0.86883,0.99887,1,0.995,0.97424,0.26629,0.20665,0.8288,0.000456205,0.000456205,0.000456205
188,1405.04,0.29061,0.24856,0.84473,0.99883,1,0.995,0.97447,0.28001,0.20728,0.83045,0.000451786,0.000451786,0.000451786
189,1413.28,0.31053,0.26877,0.86183,0.99883,1,0.995,0.97321,0.27319,0.20153,0.82863,0.000447371,0.000447371,0.000447371
190,1419.95,0.30409,0.25649,0.87231,0.99883,1,0.995,0.97064,0.2775,0.19485,0.82838,0.00044296,0.00044296,0.00044296
191,1428.25,0.32007,0.28894,0.85565,0.99884,1,0.995,0.96487,0.28728,0.21,0.83279,0.000438555,0.000438555,0.000438555
192,1435.05,0.30283,0.26642,0.85245,0.9989,1,0.995,0.95136,0.28144,0.21723,0.83245,0.000434154,0.000434154,0.000434154
193,1443.55,0.2928,0.25946,0.85382,0.9989,1,0.995,0.97248,0.27249,0.21205,0.83087,0.00042976,0.00042976,0.00042976
194,1450.48,0.30975,0.2756,0.87056,0.99888,1,0.995,0.97841,0.2663,0.20199,0.82667,0.000425372,0.000425372,0.000425372
195,1458.78,0.31795,0.2712,0.85649,0.99887,1,0.995,0.97532,0.26328,0.19916,0.82692,0.00042099,0.00042099,0.00042099
196,1465.52,0.30317,0.27029,0.85879,0.99886,1,0.995,0.97091,0.27139,0.20037,0.83156,0.000416614,0.000416614,0.000416614
197,1473.84,0.27744,0.24911,0.85221,0.99884,1,0.995,0.97347,0.2786,0.20383,0.83592,0.000412246,0.000412246,0.000412246
198,1481,0.30339,0.2757,0.87245,0.99882,1,0.995,0.97276,0.26336,0.19958,0.82693,0.000407886,0.000407886,0.000407886
199,1488.42,0.28901,0.26205,0.85824,0.99881,1,0.995,0.97126,0.27341,0.20062,0.82852,0.000403533,0.000403533,0.000403533
200,1495.73,0.28494,0.25072,0.85083,0.99884,1,0.995,0.97144,0.28003,0.19963,0.83088,0.000399188,0.000399188,0.000399188
201,1504.37,0.2754,0.25363,0.86486,0.99887,1,0.995,0.97371,0.27644,0.20965,0.82821,0.000394852,0.000394852,0.000394852
202,1511.56,0.28565,0.26195,0.85439,0.99888,1,0.995,0.97144,0.26053,0.19714,0.82536,0.000390525,0.000390525,0.000390525
203,1519.4,0.29345,0.25699,0.85579,0.99886,1,0.995,0.9712,0.26027,0.20452,0.82285,0.000386207,0.000386207,0.000386207
204,1527.22,0.28527,0.26239,0.86525,0.99887,1,0.995,0.9725,0.26632,0.20105,0.82645,0.000381899,0.000381899,0.000381899
205,1534.37,0.26852,0.25337,0.85259,0.9989,1,0.995,0.97759,0.27457,0.19944,0.82866,0.0003776,0.0003776,0.0003776
206,1541.8,0.25476,0.22916,0.83142,0.99892,1,0.995,0.97095,0.27771,0.20611,0.82663,0.000373312,0.000373312,0.000373312
207,1548.93,0.27259,0.24817,0.84447,0.99893,1,0.995,0.97278,0.26945,0.19416,0.82347,0.000369034,0.000369034,0.000369034
208,1557.25,0.30629,0.25638,0.8693,0.99893,1,0.995,0.97884,0.25856,0.18132,0.82161,0.000364767,0.000364767,0.000364767
209,1563.79,0.25649,0.24445,0.85463,0.9989,1,0.995,0.98153,0.25815,0.18398,0.82139,0.000360512,0.000360512,0.000360512
210,1571.79,0.26147,0.23198,0.845,0.99887,1,0.995,0.97871,0.25325,0.19091,0.81995,0.000356268,0.000356268,0.000356268
211,1579.59,0.27043,0.23307,0.84588,0.99882,1,0.995,0.98104,0.26126,0.19026,0.8189,0.000352037,0.000352037,0.000352037
212,1586.7,0.26911,0.26418,0.83987,0.99881,1,0.995,0.97552,0.26079,0.17992,0.82136,0.000347817,0.000347817,0.000347817
213,1593.13,0.27901,0.25116,0.8633,0.99878,1,0.995,0.97398,0.26234,0.1862,0.82408,0.00034361,0.00034361,0.00034361
214,1601.35,0.28615,0.25072,0.8624,0.9988,1,0.995,0.97619,0.26538,0.18758,0.82536,0.000339417,0.000339417,0.000339417
215,1608.15,0.27022,0.23536,0.85549,0.99886,1,0.995,0.97667,0.26583,0.18154,0.82103,0.000335236,0.000335236,0.000335236
216,1617.41,0.2759,0.2457,0.85655,0.9989,1,0.995,0.96935,0.26006,0.18447,0.81837,0.000331069,0.000331069,0.000331069
217,1623.77,0.27026,0.23488,0.82696,0.99891,1,0.995,0.97424,0.26124,0.18002,0.82007,0.000326917,0.000326917,0.000326917
218,1632.19,0.27824,0.23085,0.85408,0.99892,1,0.995,0.97664,0.26737,0.17889,0.82315,0.000322778,0.000322778,0.000322778
219,1639.66,0.26226,0.23306,0.84316,0.99888,1,0.995,0.97729,0.25286,0.17541,0.81909,0.000318655,0.000318655,0.000318655
220,1648.07,0.27644,0.23559,0.85719,0.99893,1,0.995,0.97378,0.25735,0.17259,0.81788,0.000314546,0.000314546,0.000314546
221,1654.74,0.26851,0.23517,0.82298,0.99893,1,0.995,0.97312,0.26069,0.17749,0.818,0.000310453,0.000310453,0.000310453
222,1662.62,0.26161,0.22163,0.84042,0.99893,1,0.995,0.9781,0.25116,0.1782,0.81588,0.000306375,0.000306375,0.000306375
223,1668.7,0.27261,0.24044,0.85532,0.99891,1,0.995,0.97673,0.25219,0.18348,0.81742,0.000302313,0.000302313,0.000302313
224,1677.03,0.27252,0.22963,0.84828,0.99889,1,0.995,0.98024,0.25215,0.18173,0.81753,0.000298268,0.000298268,0.000298268
225,1683.54,0.2774,0.24517,0.84414,0.99889,1,0.995,0.97889,0.25152,0.18106,0.81697,0.000294239,0.000294239,0.000294239
226,1691.66,0.29742,0.26533,0.86025,0.99888,1,0.995,0.97221,0.24978,0.17722,0.81684,0.000290228,0.000290228,0.000290228
227,1698.51,0.24508,0.216,0.83923,0.99886,1,0.995,0.9789,0.2483,0.17466,0.81632,0.000286233,0.000286233,0.000286233
228,1706.81,0.26964,0.24826,0.84529,0.99886,1,0.995,0.97975,0.24871,0.17961,0.81563,0.000282256,0.000282256,0.000282256
229,1713.27,0.25356,0.22585,0.84981,0.99889,1,0.995,0.97941,0.2465,0.18475,0.81464,0.000278298,0.000278298,0.000278298
230,1721.48,0.27605,0.23661,0.85178,0.99887,1,0.995,0.97974,0.24338,0.17739,0.81275,0.000274357,0.000274357,0.000274357
231,1728.37,0.25846,0.22999,0.85239,0.99888,1,0.995,0.97654,0.2446,0.18221,0.81293,0.000270435,0.000270435,0.000270435
232,1736.87,0.27232,0.23084,0.85016,0.99889,1,0.995,0.97624,0.2437,0.17694,0.81514,0.000266532,0.000266532,0.000266532
233,1743.79,0.26204,0.2188,0.83751,0.99891,1,0.995,0.97273,0.24808,0.17822,0.81676,0.000262648,0.000262648,0.000262648
234,1751.5,0.26232,0.22627,0.84284,0.9989,1,0.995,0.9693,0.25387,0.18445,0.81767,0.000258784,0.000258784,0.000258784
235,1758.54,0.25009,0.22751,0.84981,0.99887,1,0.995,0.97317,0.25661,0.18103,0.81773,0.000254939,0.000254939,0.000254939
236,1765.66,0.26324,0.22644,0.86714,0.99884,1,0.995,0.97785,0.25067,0.18052,0.81515,0.000251115,0.000251115,0.000251115
237,1772.99,0.26462,0.2402,0.83551,0.99881,1,0.995,0.97948,0.24496,0.17975,0.81463,0.000247311,0.000247311,0.000247311
238,1779.92,0.30974,0.23749,0.87033,0.99881,1,0.995,0.98119,0.23871,0.18203,0.81385,0.000243528,0.000243528,0.000243528
239,1789.26,0.25527,0.22699,0.84955,0.9988,1,0.995,0.98285,0.24284,0.17785,0.81498,0.000239766,0.000239766,0.000239766
240,1795.63,0.26243,0.22519,0.85753,0.99877,1,0.995,0.97966,0.24608,0.18457,0.8156,0.000236025,0.000236025,0.000236025
241,1803.7,0.2677,0.23099,0.84042,0.99877,1,0.995,0.97604,0.24514,0.18243,0.817,0.000232306,0.000232306,0.000232306
242,1810.77,0.25436,0.22848,0.84556,0.99878,1,0.995,0.9771,0.24418,0.18613,0.81937,0.000228609,0.000228609,0.000228609
243,1818.88,0.28209,0.22776,0.87351,0.99875,1,0.995,0.97711,0.24836,0.18909,0.8202,0.000224934,0.000224934,0.000224934
244,1825.43,0.24584,0.21021,0.85242,0.99878,1,0.995,0.97715,0.24444,0.17926,0.81822,0.000221282,0.000221282,0.000221282
245,1833.73,0.27469,0.25197,0.8517,0.99878,1,0.995,0.97984,0.23905,0.17594,0.81689,0.000217653,0.000217653,0.000217653
246,1840.22,0.2485,0.20561,0.8379,0.99875,1,0.995,0.97835,0.24104,0.17453,0.81733,0.000214046,0.000214046,0.000214046
247,1848.58,0.25047,0.21623,0.83078,0.99879,1,0.995,0.97908,0.2467,0.17972,0.81949,0.000210464,0.000210464,0.000210464
248,1855.76,0.25393,0.22641,0.85036,0.9988,1,0.995,0.97974,0.25209,0.17408,0.82039,0.000206904,0.000206904,0.000206904
249,1864.42,0.24246,0.21574,0.8457,0.99882,1,0.995,0.98016,0.24754,0.17117,0.8185,0.000203369,0.000203369,0.000203369
250,1870.91,0.26094,0.21658,0.83724,0.99884,1,0.995,0.98018,0.23896,0.17283,0.81584,0.000199859,0.000199859,0.000199859
251,1879.04,0.25831,0.21601,0.8259,0.99887,1,0.995,0.97875,0.23509,0.17483,0.81524,0.000196373,0.000196373,0.000196373
252,1886.13,0.25172,0.21409,0.83396,0.99889,1,0.995,0.9779,0.23329,0.17896,0.81577,0.000192911,0.000192911,0.000192911
253,1893.89,0.24479,0.20822,0.82784,0.99889,1,0.995,0.97788,0.23548,0.18101,0.81656,0.000189475,0.000189475,0.000189475
254,1902.06,0.25908,0.20964,0.83278,0.99891,1,0.995,0.97972,0.2422,0.1814,0.81686,0.000186064,0.000186064,0.000186064
255,1909.38,0.24202,0.20775,0.83542,0.99889,1,0.995,0.97868,0.24737,0.18599,0.81369,0.000182679,0.000182679,0.000182679
256,1915.55,0.24149,0.21406,0.85582,0.99887,1,0.995,0.98132,0.24309,0.18044,0.81051,0.00017932,0.00017932,0.00017932
257,1923.93,0.25981,0.21892,0.85943,0.99886,1,0.995,0.98533,0.2394,0.1743,0.8096,0.000175988,0.000175988,0.000175988
258,1930.61,0.23958,0.22027,0.83787,0.99886,1,0.995,0.98086,0.23592,0.17155,0.81063,0.000172681,0.000172681,0.000172681
259,1939.06,0.268,0.22362,0.86717,0.99887,1,0.995,0.97714,0.24083,0.17049,0.81272,0.000169402,0.000169402,0.000169402
260,1945.85,0.26778,0.23367,0.84328,0.99886,1,0.995,0.98093,0.24629,0.17197,0.81471,0.000166149,0.000166149,0.000166149
261,1954.34,0.24836,0.21441,0.84271,0.99884,1,0.995,0.9807,0.24573,0.17353,0.8144,0.000162924,0.000162924,0.000162924
262,1961.57,0.25615,0.23723,0.85765,0.99889,1,0.995,0.98607,0.24601,0.17417,0.81355,0.000159726,0.000159726,0.000159726
263,1970.44,0.25252,0.20981,0.84584,0.99889,1,0.995,0.97921,0.24612,0.17387,0.81382,0.000156557,0.000156557,0.000156557
264,1977.58,0.25453,0.21061,0.83344,0.99889,1,0.995,0.98244,0.24619,0.16987,0.81493,0.000153415,0.000153415,0.000153415
265,1985.57,0.24711,0.21533,0.83091,0.99889,1,0.995,0.98262,0.24591,0.16922,0.81558,0.000150301,0.000150301,0.000150301
266,1992.58,0.23108,0.20406,0.82945,0.99886,1,0.995,0.97894,0.24638,0.16891,0.8167,0.000147217,0.000147217,0.000147217
267,2001.06,0.25497,0.21513,0.84342,0.99884,1,0.995,0.9775,0.24386,0.17129,0.81652,0.000144161,0.000144161,0.000144161
268,2007.81,0.2418,0.1966,0.85019,0.99886,1,0.995,0.98147,0.23882,0.17251,0.81484,0.000141134,0.000141134,0.000141134
269,2016.92,0.23668,0.2066,0.82536,0.99884,1,0.995,0.9753,0.23964,0.17288,0.81485,0.000138136,0.000138136,0.000138136
270,2023.88,0.24433,0.21624,0.85154,0.99884,1,0.995,0.97643,0.24457,0.17025,0.81475,0.000135168,0.000135168,0.000135168
271,2032.15,0.248,0.20833,0.85564,0.99884,1,0.995,0.97202,0.24424,0.17384,0.81335,0.00013223,0.00013223,0.00013223
272,2038.86,0.24369,0.19975,0.82578,0.99882,1,0.995,0.98061,0.23953,0.17135,0.81199,0.000129321,0.000129321,0.000129321
273,2047.12,0.25145,0.20451,0.8499,0.99884,1,0.995,0.97828,0.2351,0.17165,0.81111,0.000126443,0.000126443,0.000126443
274,2053.7,0.25314,0.20965,0.84935,0.99885,1,0.995,0.98152,0.23445,0.16862,0.81136,0.000123596,0.000123596,0.000123596
275,2062.15,0.23163,0.19977,0.83736,0.99886,1,0.995,0.97667,0.23593,0.16347,0.81074,0.000120779,0.000120779,0.000120779
276,2068.25,0.23591,0.1907,0.84076,0.99885,1,0.995,0.97506,0.23724,0.16093,0.81098,0.000117993,0.000117993,0.000117993
277,2076.45,0.22339,0.19974,0.83389,0.99885,1,0.995,0.97555,0.23759,0.1574,0.81174,0.000115239,0.000115239,0.000115239
278,2083.25,0.24925,0.21062,0.85933,0.99886,1,0.995,0.97582,0.23489,0.15422,0.81195,0.000112516,0.000112516,0.000112516
279,2091.84,0.21999,0.1895,0.82481,0.99885,1,0.995,0.97706,0.23053,0.15504,0.81085,0.000109824,0.000109824,0.000109824
280,2098.35,0.25599,0.19634,0.83251,0.99886,1,0.995,0.97725,0.23109,0.15784,0.81022,0.000107164,0.000107164,0.000107164
281,2106.51,0.23931,0.21136,0.82708,0.99886,1,0.995,0.97859,0.23203,0.15485,0.81001,0.000104537,0.000104537,0.000104537
282,2113.03,0.24275,0.19948,0.86108,0.99885,1,0.995,0.9816,0.23267,0.15263,0.81055,0.000101941,0.000101941,0.000101941
283,2121.06,0.2376,0.19743,0.84553,0.99886,1,0.995,0.98078,0.23619,0.15556,0.81187,9.93782e-05,9.93782e-05,9.93782e-05
284,2128,0.21187,0.18798,0.82753,0.99889,1,0.995,0.97911,0.23697,0.15862,0.81264,9.68479e-05,9.68479e-05,9.68479e-05
285,2135.91,0.23911,0.21311,0.83448,0.9989,1,0.995,0.97669,0.23555,0.15875,0.81293,9.43505e-05,9.43505e-05,9.43505e-05
286,2143.15,0.21717,0.19229,0.84982,0.9989,1,0.995,0.97926,0.23205,0.15745,0.81212,9.18862e-05,9.18862e-05,9.18862e-05
287,2150.57,0.23379,0.20486,0.85047,0.9989,1,0.995,0.98063,0.22717,0.15362,0.81041,8.94552e-05,8.94552e-05,8.94552e-05
288,2157.87,0.22906,0.19587,0.83924,0.9989,1,0.995,0.98226,0.22186,0.15321,0.80876,8.70577e-05,8.70577e-05,8.70577e-05
289,2165.24,0.2339,0.1925,0.84637,0.9989,1,0.995,0.9809,0.22141,0.15268,0.80822,8.46938e-05,8.46938e-05,8.46938e-05
290,2173.12,0.23361,0.19101,0.8482,0.9989,1,0.995,0.97903,0.22186,0.15411,0.80804,8.23638e-05,8.23638e-05,8.23638e-05
291,2180.3,0.25594,0.19295,0.84746,0.99892,1,0.995,0.97909,0.22057,0.15868,0.80812,8.00678e-05,8.00678e-05,8.00678e-05
292,2188.23,0.23656,0.1901,0.83216,0.99891,1,0.995,0.97956,0.22205,0.15702,0.80793,7.78061e-05,7.78061e-05,7.78061e-05
293,2195.17,0.2314,0.18391,0.82315,0.9989,1,0.995,0.97923,0.22115,0.16048,0.80761,7.55788e-05,7.55788e-05,7.55788e-05
294,2203.13,0.22068,0.18579,0.82602,0.99888,1,0.995,0.97908,0.22316,0.15737,0.8079,7.33861e-05,7.33861e-05,7.33861e-05
295,2211.17,0.22252,0.19265,0.82044,0.99887,1,0.995,0.98094,0.2255,0.15406,0.80896,7.12282e-05,7.12282e-05,7.12282e-05
296,2218.86,0.22451,0.19667,0.83469,0.99887,1,0.995,0.97911,0.22919,0.15413,0.81101,6.91052e-05,6.91052e-05,6.91052e-05
297,2225.79,0.23288,0.19739,0.832,0.99886,1,0.995,0.97684,0.23163,0.15241,0.81152,6.70173e-05,6.70173e-05,6.70173e-05
298,2233.52,0.21979,0.21176,0.84622,0.99885,1,0.995,0.97372,0.23097,0.1511,0.81153,6.49648e-05,6.49648e-05,6.49648e-05
299,2240.12,0.25039,0.20117,0.84242,0.99883,1,0.995,0.97771,0.22863,0.15207,0.81085,6.29477e-05,6.29477e-05,6.29477e-05
300,2248.48,0.22761,0.1952,0.83286,0.99883,1,0.995,0.97969,0.22501,0.14921,0.81035,6.09661e-05,6.09661e-05,6.09661e-05
301,2254.81,0.23913,0.19458,0.82948,0.99882,1,0.995,0.97826,0.22305,0.14744,0.80982,5.90204e-05,5.90204e-05,5.90204e-05
302,2263.33,0.23397,0.19349,0.83679,0.99884,1,0.995,0.98004,0.22152,0.14623,0.80974,5.71106e-05,5.71106e-05,5.71106e-05
303,2270.07,0.235,0.20425,0.84287,0.99883,1,0.995,0.97999,0.22112,0.14902,0.80956,5.52369e-05,5.52369e-05,5.52369e-05
304,2278.25,0.22216,0.1932,0.83317,0.99884,1,0.995,0.98026,0.22171,0.15078,0.80926,5.33994e-05,5.33994e-05,5.33994e-05
305,2284.86,0.213,0.1777,0.82917,0.99885,1,0.995,0.97815,0.22191,0.15162,0.80905,5.15983e-05,5.15983e-05,5.15983e-05
306,2293.75,0.23074,0.19131,0.83384,0.99886,1,0.995,0.98481,0.22044,0.15229,0.80833,4.98338e-05,4.98338e-05,4.98338e-05
307,2300.04,0.22352,0.18838,0.84649,0.99887,1,0.995,0.98073,0.21968,0.15162,0.80793,4.81059e-05,4.81059e-05,4.81059e-05
308,2308.38,0.22812,0.20192,0.84016,0.99888,1,0.995,0.98104,0.21965,0.1527,0.80738,4.64148e-05,4.64148e-05,4.64148e-05
309,2314.96,0.22269,0.18494,0.84495,0.9989,1,0.995,0.98123,0.21996,0.15348,0.80712,4.47606e-05,4.47606e-05,4.47606e-05
310,2323.34,0.21804,0.1799,0.8356,0.99888,1,0.995,0.98315,0.22015,0.1552,0.80715,4.31436e-05,4.31436e-05,4.31436e-05
311,2332.78,0.18485,0.15785,0.79235,0.99889,1,0.995,0.98137,0.21865,0.15158,0.80689,4.15637e-05,4.15637e-05,4.15637e-05
312,2341.2,0.17656,0.14999,0.78407,0.99889,1,0.995,0.9809,0.21667,0.14853,0.80656,4.00212e-05,4.00212e-05,4.00212e-05
313,2347.2,0.18244,0.15848,0.78961,0.99889,1,0.995,0.98427,0.21839,0.14834,0.80631,3.85162e-05,3.85162e-05,3.85162e-05
314,2354.87,0.17391,0.14789,0.78783,0.99888,1,0.995,0.98443,0.21819,0.15,0.80606,3.70487e-05,3.70487e-05,3.70487e-05
315,2361.09,0.18176,0.14946,0.81138,0.99887,1,0.995,0.98474,0.21821,0.1492,0.8066,3.5619e-05,3.5619e-05,3.5619e-05
316,2368.7,0.18711,0.15481,0.79258,0.9989,1,0.995,0.98117,0.21814,0.15091,0.80705,3.4227e-05,3.4227e-05,3.4227e-05
317,2376.38,0.17761,0.15436,0.79184,0.99888,1,0.995,0.97979,0.21714,0.15173,0.80643,3.2873e-05,3.2873e-05,3.2873e-05
318,2383.57,0.16964,0.14195,0.77982,0.99889,1,0.995,0.98126,0.21757,0.14826,0.80637,3.1557e-05,3.1557e-05,3.1557e-05
319,2391.21,0.18018,0.15202,0.80264,0.99888,1,0.995,0.98117,0.21725,0.1443,0.80618,3.02792e-05,3.02792e-05,3.02792e-05
320,2397.32,0.17787,0.14472,0.80163,0.99887,1,0.995,0.98058,0.2173,0.14305,0.80665,2.90396e-05,2.90396e-05,2.90396e-05
321,2404.66,0.17842,0.14903,0.78318,0.99889,1,0.995,0.98253,0.217,0.14647,0.80686,2.78384e-05,2.78384e-05,2.78384e-05
322,2411.3,0.17419,0.14815,0.79045,0.99887,1,0.995,0.98417,0.22008,0.14704,0.80743,2.66756e-05,2.66756e-05,2.66756e-05
323,2419.3,0.17407,0.14682,0.80477,0.99889,1,0.995,0.98056,0.22154,0.1474,0.80795,2.55513e-05,2.55513e-05,2.55513e-05
324,2425.2,0.17916,0.14682,0.78413,0.99888,1,0.995,0.9822,0.2222,0.14738,0.80787,2.44657e-05,2.44657e-05,2.44657e-05
325,2432.58,0.18622,0.15176,0.80824,0.99891,1,0.995,0.97907,0.22106,0.14707,0.80763,2.34188e-05,2.34188e-05,2.34188e-05
326,2438.98,0.17453,0.14575,0.79251,0.9989,1,0.995,0.97922,0.22073,0.14803,0.80689,2.24107e-05,2.24107e-05,2.24107e-05
327,2447.33,0.18917,0.15368,0.81565,0.9989,1,0.995,0.97921,0.21981,0.14661,0.80699,2.14415e-05,2.14415e-05,2.14415e-05
328,2453.81,0.18223,0.14764,0.77869,0.9989,1,0.995,0.98141,0.21989,0.14565,0.80699,2.05112e-05,2.05112e-05,2.05112e-05
329,2461.09,0.17225,0.14337,0.78821,0.99891,1,0.995,0.97951,0.22019,0.14585,0.80714,1.96199e-05,1.96199e-05,1.96199e-05
330,2468.42,0.17211,0.14283,0.79798,0.9989,1,0.995,0.97801,0.2201,0.14434,0.80748,1.87678e-05,1.87678e-05,1.87678e-05
331,2474.73,0.17171,0.14402,0.78764,0.9989,1,0.995,0.98129,0.22038,0.148,0.80763,1.79549e-05,1.79549e-05,1.79549e-05
332,2483.4,0.17455,0.14324,0.78799,0.9989,1,0.995,0.98327,0.21998,0.14512,0.80785,1.71811e-05,1.71811e-05,1.71811e-05
333,2489.28,0.16515,0.14115,0.7841,0.9989,1,0.995,0.98166,0.21907,0.14539,0.80791,1.64467e-05,1.64467e-05,1.64467e-05
334,2496.51,0.16728,0.14767,0.80032,0.99893,1,0.995,0.98028,0.22008,0.14644,0.80803,1.57517e-05,1.57517e-05,1.57517e-05
335,2503.45,0.18172,0.15104,0.79594,0.9989,1,0.995,0.98181,0.22158,0.14746,0.80776,1.5096e-05,1.5096e-05,1.5096e-05
336,2511.47,0.17079,0.14456,0.79927,0.99891,1,0.995,0.98231,0.2205,0.14846,0.80759,1.44799e-05,1.44799e-05,1.44799e-05
337,2517.69,0.17139,0.13963,0.78166,0.99892,1,0.995,0.97869,0.22052,0.14791,0.80703,1.39032e-05,1.39032e-05,1.39032e-05
338,2525.77,0.17584,0.1414,0.78904,0.99892,1,0.995,0.98211,0.22042,0.14687,0.807,1.33661e-05,1.33661e-05,1.33661e-05
339,2531.95,0.17587,0.1408,0.79968,0.99892,1,0.995,0.98195,0.22,0.14563,0.80717,1.28687e-05,1.28687e-05,1.28687e-05
340,2538.76,0.17617,0.14409,0.8102,0.99893,1,0.995,0.97871,0.21982,0.14555,0.80686,1.24109e-05,1.24109e-05,1.24109e-05
341,2547.45,0.16933,0.14196,0.77548,0.99892,1,0.995,0.97858,0.21915,0.14582,0.80671,1.19927e-05,1.19927e-05,1.19927e-05
342,2553.35,0.17702,0.146,0.79512,0.99892,1,0.995,0.97987,0.21925,0.14564,0.8067,1.16143e-05,1.16143e-05,1.16143e-05
